2020-11-27T00:00:00-07:00	Talk at Speakers Series, SNSYC | https://wiki.xxiivv.com/talk
2020-11-25T00:00:00-07:00	Grundlagen der digitalen Kommunikation | https://wiki.xxiivv.com/talk
2020-10-28T01:00:00-07:00	Firth Release | https://wiki.xxiivv.com/firth
2020-09-06T01:00:00-07:00	Gyo Release | https://wiki.xxiivv.com/gyo
2020-08-29T01:00:00-07:00	Spacetime 6502 Release | https://wiki.xxiivv.com/spacetime_6502
2020-07-31T01:00:00-07:00	Migrated to Plan9 | https://wiki.xxiivv.com/computer
2020-07-23T01:00:00-07:00	Spent 7 weeks at sea | https://wiki.xxiivv.com/travel
2020-06-10T01:00:00-07:00	Sail to Victoria, Canada | https://wiki.xxiivv.com/canada
2020-05-29T01:00:00-07:00	Sail to Shimoda, Japan | https://wiki.xxiivv.com/japan
2020-04-05T01:00:00-07:00	Merveilles HyperCard Jam | https://wiki.xxiivv.com/merveilles
2020-03-31T01:00:00-07:00	Donsol Famicom Release | https://wiki.xxiivv.com/donsol_famicom
2020-03-23T01:00:00-07:00	Eulerroom Equinox, Livesteam | https://wiki.xxiivv.com/alicef
2020-02-20T00:00:00-07:00	Travel to Minamiise, Japan | https://wiki.xxiivv.com/japan
2020-02-09T00:00:00-07:00	Orca Workshop Mila, Montreal | https://wiki.xxiivv.com/orca
2020-02-03T00:00:00-07:00	Nasu Release | https://wiki.xxiivv.com/nasu
2019-12-08T00:00:00-07:00	Merveilles Meetup, Berlin | https://wiki.xxiivv.com/merveilles
2019-12-04T00:00:00-07:00	ReactBerlin, Berlin | https://wiki.xxiivv.com/azolla
2019-12-03T00:00:00-07:00	Travel to Berlin, Germany | https://wiki.xxiivv.com/germany
2019-10-30T01:00:00-07:00	Completed Inktober 2019 | https://wiki.xxiivv.com/neauismetica
2019-10-25T01:00:00-07:00	Orca Workshop Foolab, Montreal | https://wiki.xxiivv.com/orca
2019-09-21T01:00:00-07:00	Migrated to Linux | https://wiki.xxiivv.com/computer
2019-09-10T01:00:00-07:00	Travel to Montreal, Canada | https://wiki.xxiivv.com/canada
2019-09-07T01:00:00-07:00	Talk at XOXO, Portland | https://wiki.xxiivv.com/talk
2019-09-05T01:00:00-07:00	Travel to Portland, US | https://wiki.xxiivv.com/travel
2019-08-20T01:00:00-07:00	Travel to Vancouver, Canada | https://wiki.xxiivv.com/canada
2019-07-14T01:00:00-07:00	Ronin Release | https://wiki.xxiivv.com/ronin
2019-07-04T01:00:00-07:00	Travel to Tokyo, Japan | https://wiki.xxiivv.com/japan
2019-06-15T01:00:00-07:00	Azolla Release | https://wiki.xxiivv.com/azolla
2019-06-13T01:00:00-07:00	Merveilles Meetup, Amsterdam | https://wiki.xxiivv.com/merveilles
2019-06-07T01:00:00-07:00	JSNation, Amsterdam | https://wiki.xxiivv.com/azolla
2019-06-05T01:00:00-07:00	Travel to Amsterdam, Netherlands | https://wiki.xxiivv.com/netherlands
2019-05-19T01:00:00-07:00	Orca Workshop Algomech, Sheffield | https://wiki.xxiivv.com/orca
2019-05-18T01:00:00-07:00	Algomech Festival, Sheffield | https://wiki.xxiivv.com/azolla
2019-05-17T01:00:00-07:00	Travel to Manchester, UK | https://wiki.xxiivv.com/travel
2019-05-12T01:00:00-07:00	Travel to Osaka, Japan | https://wiki.xxiivv.com/osaka
2019-04-16T01:00:00-07:00	Sail to Minamiise, Japan | https://wiki.xxiivv.com/minamiise
2019-03-26T01:00:00-07:00	Merveilles Meetup, Tokyo | https://wiki.xxiivv.com/merveilles
2019-03-09T00:00:00-07:00	Sail to Shizuoka, Japan | https://wiki.xxiivv.com/shizuoka
2019-01-25T00:00:00-07:00	Sail to Chichijima, Japan | https://wiki.xxiivv.com/ogasawara
2018-12-14T00:00:00-07:00	Mastodon Instance Inauguration | https://wiki.xxiivv.com/merveilles
2018-11-18T00:00:00-07:00	Orca Release | https://wiki.xxiivv.com/orca
2018-10-22T01:00:00-07:00	Sail to Majuro, Marshall Islands | https://wiki.xxiivv.com/marshall_islands
2018-07-16T01:00:00-07:00	MoonQuest OST Release | https://wiki.xxiivv.com/noon_guest
2018-06-27T01:00:00-07:00	Sail to Savusavu, Fiji | https://wiki.xxiivv.com/fiji
2018-04-27T01:00:00-07:00	Super Meteor Exhibition | https://wiki.xxiivv.com/habitants_du_soleil
2018-04-21T01:00:00-07:00	Talk at Play By Play, Wellington | https://wiki.xxiivv.com/talk
2018-04-15T01:00:00-07:00	Habitants du soleil Release | https://wiki.xxiivv.com/habitants_du_soleil
2018-03-22T01:00:00-07:00	Talk at Media Design, Auckland | https://wiki.xxiivv.com/talk
2018-01-17T00:00:00-07:00	Arvelie Calendar | https://wiki.xxiivv.com/arvelie
2018-01-12T00:00:00-07:00	Dotgrid Release | https://wiki.xxiivv.com/dotgrid
2017-12-20T00:00:00-07:00	Merveilles Meetup, Auckland | https://wiki.xxiivv.com/merveilles
2017-10-31T01:00:00-07:00	Sail to Whangarei, New Zealand | https://wiki.xxiivv.com/new_zealand
2017-09-12T01:00:00-07:00	Sail to Neiafu, Tonga | https://wiki.xxiivv.com/travel
2017-09-06T01:00:00-07:00	Marabu Release | https://wiki.xxiivv.com/marabu
2017-09-05T01:00:00-07:00	Verreciel Desktop Release | https://wiki.xxiivv.com/verreciel
2017-09-04T01:00:00-07:00	Left Release | https://wiki.xxiivv.com/left
2017-09-01T01:00:00-07:00	Getapan 728k Release | https://wiki.xxiivv.com/getapan_728k
2017-07-30T01:00:00-07:00	Sail to Alofi, Niue | https://wiki.xxiivv.com/niue
2017-05-31T01:00:00-07:00	Collected works Release | https://wiki.xxiivv.com/collected_works
2017-05-04T01:00:00-07:00	Thousand rooms Release | https://wiki.xxiivv.com/thousand_rooms
2017-04-05T01:00:00-07:00	Recording Superworker | https://wiki.xxiivv.com/superworker
2017-03-19T01:00:00-07:00	Known Magye Release | https://wiki.xxiivv.com/known_magye
2017-03-04T00:00:00-07:00	Sail to Nuku Hiva, Marquesas | https://wiki.xxiivv.com/marquesas
2017-02-28T00:00:00-07:00	Oquonie Desktop Release | https://wiki.xxiivv.com/oquonie
2017-02-02T00:00:00-07:00	Sail to Ensenada, Mexico | https://wiki.xxiivv.com/black
2017-01-13T00:00:00-07:00	Donsol Desktop Release | https://wiki.xxiivv.com/donsol
2016-10-21T01:00:00-07:00	Sail to La Paz, Mexico | https://wiki.xxiivv.com/mexico
2016-10-08T01:00:00-07:00	Sail to Los Angeles, US | https://wiki.xxiivv.com/america
2016-10-06T01:00:00-07:00	Portalion Release | https://wiki.xxiivv.com/portalion
2016-08-28T01:00:00-07:00	Merveilles Meetup, San Francisco | https://wiki.xxiivv.com/merveilles
2016-08-11T01:00:00-07:00	Sail to Seattle, US | https://wiki.xxiivv.com/america
2016-06-06T01:00:00-07:00	Donsol Mobile Release | https://wiki.xxiivv.com/donsol
2016-05-11T01:00:00-07:00	Verreciel OST Release | https://wiki.xxiivv.com/verreciel_soundtrack
2016-03-11T00:00:00-07:00	Travel to San Francisco | https://wiki.xxiivv.com/america
2016-02-14T00:00:00-07:00	Aquired sailboat | https://wiki.xxiivv.com/pino
2015-11-13T00:00:00-07:00	Founded Hundred Rabbits | https://wiki.xxiivv.com/hundred_rabbits
2015-10-03T01:00:00-07:00	Toy Company, Montreal | https://wiki.xxiivv.com/opal_inquisitors
2015-09-17T01:00:00-07:00	Opal inquisitors Release | https://wiki.xxiivv.com/opal_inquisitors
2015-09-05T01:00:00-07:00	Talk at Ars Electronica, Vienna | https://wiki.xxiivv.com/talk
2015-09-01T01:00:00-07:00	Travel to Vienna | https://wiki.xxiivv.com/austria
2015-08-30T01:00:00-07:00	Looking Glace Release | https://wiki.xxiivv.com/looking_glace
2015-07-29T01:00:00-07:00	Supervisitor Release | https://wiki.xxiivv.com/supervisitor
2015-06-22T01:00:00-07:00	Vocavularist Release | https://wiki.xxiivv.com/vocavularist
2015-05-14T01:00:00-07:00	Travel to Utrecht | https://wiki.xxiivv.com/netherlands
2015-05-01T01:00:00-07:00	Extended Sleep Release | https://wiki.xxiivv.com/extended_sleep
2015-04-23T01:00:00-07:00	Talk at Amaze, Berlin | https://wiki.xxiivv.com/talk
2015-02-28T00:00:00-07:00	Travel to Francisco | https://wiki.xxiivv.com/america
2015-01-15T00:00:00-07:00	Ramiel Release | https://wiki.xxiivv.com/ramiel
2014-10-18T01:00:00-07:00	Leap Motion Demo, Tokyo | https://wiki.xxiivv.com/telekinesis
2014-10-03T01:00:00-07:00	Ten Axitecture Release | https://wiki.xxiivv.com/ten_axitecture
2014-09-13T01:00:00-07:00	Created Grimgrains | https://wiki.xxiivv.com/grimgrains
2014-08-29T01:00:00-07:00	Damoiseau et Canalx Release | https://wiki.xxiivv.com/damoiseau_canalx
2014-08-15T01:00:00-07:00	Became vegan | https://wiki.xxiivv.com/nutrition
2014-08-06T01:00:00-07:00	The Advent V Release | https://wiki.xxiivv.com/advent_v
2014-05-20T01:00:00-07:00	Purgateus Release | https://wiki.xxiivv.com/purgateus
2014-04-08T01:00:00-07:00	Vast Release | https://wiki.xxiivv.com/vast
2014-03-19T01:00:00-07:00	PowPow, San Francisco | https://wiki.xxiivv.com/known_magye
2014-03-15T01:00:00-07:00	Travel to San Fancisco | https://wiki.xxiivv.com/america
2014-01-28T00:00:00-07:00	Started learning Russian | https://wiki.xxiivv.com/russian
2014-01-08T00:00:00-07:00	Moved to Montreal, Canada | https://wiki.xxiivv.com/canada
2013-09-30T01:00:00-07:00	SquareSound, Tokyo | https://wiki.xxiivv.com/telekinetic
2013-07-21T01:00:00-07:00	Hiversaires Release | https://wiki.xxiivv.com/hiversaires
2013-06-25T01:00:00-07:00	Dei Dain Release | https://wiki.xxiivv.com/dei_dain
2013-06-19T01:00:00-07:00	Mega Ran Tour, Tokyo | https://wiki.xxiivv.com/dei_dain
2013-02-16T00:00:00-07:00	SquareSound, Melbourne | https://wiki.xxiivv.com/ehrivevnv_studies
2013-02-14T00:00:00-07:00	Travel to Australia | https://wiki.xxiivv.com/travel
2012-10-26T01:00:00-07:00	Ehrivevnv Studies Release | https://wiki.xxiivv.com/ehrivevnv_studies
2012-10-22T01:00:00-07:00	Blip Festival, Tokyo | https://wiki.xxiivv.com/ehrivevnv_studies
2012-10-18T01:00:00-07:00	Moved to Tokyo, Japan | https://wiki.xxiivv.com/japan
2012-10-16T01:00:00-07:00	To The Aeons Hell Release | https://wiki.xxiivv.com/to_the_aeons_hell
2012-07-11T01:00:00-07:00	Vetetrandes Lettres Release | https://wiki.xxiivv.com/vetetrandes_lettres
2012-07-10T01:00:00-07:00	iVardensphere Tour, Montreal | https://wiki.xxiivv.com/vetetrandes_lettres
2012-06-29T01:00:00-07:00	Pico Battle Release | https://wiki.xxiivv.com/pico_battle
2012-05-21T01:00:00-07:00	Kinetik Festival, Montreal | https://wiki.xxiivv.com/vetetrandes_lettres
2012-03-26T01:00:00-07:00	Travel to Berlin | https://wiki.xxiivv.com/germany
2012-03-25T01:00:00-07:00	Noise Complex, Paris | https://wiki.xxiivv.com/vetetrandes_lettres
2012-03-21T01:00:00-07:00	Travel to Paris | https://wiki.xxiivv.com/france
2012-02-12T00:00:00-07:00	Es gulf sunflowers Release | https://wiki.xxiivv.com/es_gulf_sunflowers
2012-01-30T00:00:00-07:00	Volkenessen Release | https://wiki.xxiivv.com/volkenessen
2011-12-18T00:00:00-07:00	From Saharaphorest Release | https://wiki.xxiivv.com/from_saharaphorest
2011-12-03T00:00:00-07:00	Neurodance, Toronto | https://wiki.xxiivv.com/es_gulf_sunflowers
2011-09-25T01:00:00-07:00	Sixth Season Release | https://wiki.xxiivv.com/the_sixth_season
2011-08-06T01:00:00-07:00	Blam Release | https://wiki.xxiivv.com/blam
2011-06-02T01:00:00-07:00	Vermillionth Release | https://wiki.xxiivv.com/vermillionth
2011-05-23T01:00:00-07:00	Kinetik Festival, Montreal | https://wiki.xxiivv.com/the_sixth_season
2011-03-02T00:00:00-07:00	Travel to Czech | https://wiki.xxiivv.com/czech
2011-01-04T00:00:00-07:00	Travel to Philadelphia | https://wiki.xxiivv.com/america
2010-12-18T00:00:00-07:00	Toy Company, Montreal | https://wiki.xxiivv.com/to_the_aeons_hell
2010-10-19T01:00:00-07:00	Pico3 Release | https://wiki.xxiivv.com/pico3
2010-10-16T01:00:00-07:00	Toy Company, Montreal | https://wiki.xxiivv.com/to_the_aeons_hell
2010-10-07T01:00:00-07:00	Merure Release | https://wiki.xxiivv.com/merure
2010-08-21T01:00:00-07:00	Toy Company, Montreal | https://wiki.xxiivv.com/to_the_aeons_hell
2010-07-16T01:00:00-07:00	Komor Kommando Live, Ottawa | https://wiki.xxiivv.com/idyllic_miners
2010-05-20T01:00:00-07:00	Idyllic Miners Release | https://wiki.xxiivv.com/idyllic_miners
2010-05-14T01:00:00-07:00	Kinetik Festival, Montreal | https://wiki.xxiivv.com/idyllic_miners
2010-03-24T01:00:00-07:00	Ann yozora saint Release | https://wiki.xxiivv.com/ann_yozora_saint
2010-02-28T00:00:00-07:00	1H1D vs Shikanokoa, Osaka | https://wiki.xxiivv.com/shikanokoa_vs_1h1d
2010-02-26T00:00:00-07:00	Travel to Osaka, Japan | https://wiki.xxiivv.com/osaka
2010-02-20T00:00:00-07:00	Travel to Tokyo, Japan | https://wiki.xxiivv.com/osaka
2009-09-16T01:00:00-07:00	Drypoint Release | https://wiki.xxiivv.com/drypoint
2009-09-09T01:00:00-07:00	Pedestrian Paradise Release | https://wiki.xxiivv.com/pedestrian_paradise
2009-09-07T01:00:00-07:00	Piknic Electronik, Montreal | https://wiki.xxiivv.com/pedestrian_paradise
2009-07-12T01:00:00-07:00	Malice Release | https://wiki.xxiivv.com/malice
2009-07-11T01:00:00-07:00	Toy Company, Montreal | https://wiki.xxiivv.com/pedestrian_paradise
2009-03-22T01:00:00-07:00	Birthdeffekt, Montreal | https://wiki.xxiivv.com/otoroutes_miniatures
2009-02-13T00:00:00-07:00	Toy Company, Montreal | https://wiki.xxiivv.com/otoroutes_miniatures
2008-11-17T00:00:00-07:00	16D Label, Tokyo | https://wiki.xxiivv.com/downtemperature
2008-09-13T01:00:00-07:00	Toy Company, Montreal | https://wiki.xxiivv.com/downtemperature
2008-08-01T01:00:00-07:00	Nether Esper Inserts Release | https://wiki.xxiivv.com/nether_esper_inserts
2008-07-11T01:00:00-07:00	Began XXIIVV | https://wiki.xxiivv.com/oscean
2008-06-29T01:00:00-07:00	Pulsewave, New York | https://wiki.xxiivv.com/malice
2008-06-28T01:00:00-07:00	Travel to New York | https://wiki.xxiivv.com/america
2008-05-18T01:00:00-07:00	Toy Company, Montreal | https://wiki.xxiivv.com/downtemperature
2008-05-01T01:00:00-07:00	Started learning Japanese | https://wiki.xxiivv.com/japanese
2007-03-05T00:00:00-07:00	Downtemperature Release | https://wiki.xxiivv.com/downtemperature
2006-12-05T00:00:00-07:00	Regionsteam Snowdays Release | https://wiki.xxiivv.com/regionsteam_snowdays
2006-04-26T01:00:00-07:00	Began Journaling | https://wiki.xxiivv.com/horaire
